file,photo,idx,x,y,w,h,ink_px,aspect,fill,flags,label
live2_x4/live2_x4_000.png,live2_x4,0,33,64,4,63,113,15.75,0.448,elongated,
live2_x4/live2_x4_001.png,live2_x4,1,56,0,34,286,2031,8.41,0.209,elongated|touches_edge,
live2_x4/live2_x4_002.png,live2_x4,2,341,157,102,111,2006,1.09,0.177,,
live2_x4/live2_x4_003.png,live2_x4,3,489,167,82,89,1602,1.09,0.22,,
live2_x4/live2_x4_004.png,live2_x4,4,617,170,86,80,1363,1.07,0.198,,
live2_x4/live2_x4_005.png,live2_x4,5,725,181,92,83,1316,1.11,0.172,,
live2_x4/live2_x4_015.png,live2_x4,15,64,308,6,70,220,11.67,0.524,elongated,
live2_x4/live2_x4_016.png,live2_x4,16,101,341,7,19,83,2.71,0.624,elongated,
live2_x4/live2_x4_017.png,live2_x4,17,319,337,90,97,1490,1.08,0.171,,
live2_x4/live2_x4_018.png,live2_x4,18,423,356,101,92,1852,1.1,0.199,,
live2_x4/live2_x4_021.png,live2_x4,21,950,376,75,106,1152,1.41,0.145,,
live2_x4/live2_x4_027.png,live2_x4,27,67,441,5,39,127,7.8,0.651,elongated,
live2_x4/live2_x4_028.png,live2_x4,28,247,547,124,101,1253,1.23,0.1,,
live2_x4/live2_x4_029.png,live2_x4,29,380,556,106,100,1236,1.06,0.117,,
live2_x4/live2_x4_031.png,live2_x4,31,910,568,96,83,868,1.16,0.109,,
live2_x4/live2_x4_046.png,live2_x4,46,757,571,93,97,990,1.04,0.11,,
live2_x4/live2_x4_053.png,live2_x4,53,1467,618,74,62,355,1.19,0.077,,
live2_x4/live2_x4_059.png,live2_x4,59,0,531,90,709,11607,7.88,0.182,elongated|touches_edge,
live2_x4/live2_x4_071.png,live2_x4,71,583,1011,143,115,2028,1.24,0.123,,
live2_x4/live2_x4_072.png,live2_x4,72,808,992,117,102,2046,1.15,0.171,,
live2_x4/live2_x4_073.png,live2_x4,73,1025,981,105,116,1638,1.1,0.134,,
live2_x4/live2_x4_074.png,live2_x4,74,1156,1020,111,105,1921,1.06,0.165,,
live2_x4/live2_x4_075.png,live2_x4,75,1340,1007,121,119,1724,1.02,0.12,,
live2_x4/live2_x4_078.png,live2_x4,78,1673,1007,93,111,1274,1.19,0.123,,
live2_x4/live2_x4_079.png,live2_x4,79,1813,1025,92,86,1281,1.07,0.162,,
live2_x4/live2_x4_080.png,live2_x4,80,543,777,182,138,,1.32,,manual,X
live2_x4/live2_x4_081.png,live2_x4,81,744,775,176,136,,1.29,,manual,O
live2_x4/live2_x4_082.png,live2_x4,82,1439,774,153,123,,1.24,,manual,X
live2_x4/live2_x4_083.png,live2_x4,83,1136,185,139,119,,1.17,,manual,X
live1_x4/live1_x4_004.png,live1_x4,4,330,199,95,107,1809,1.13,0.178,,X
live1_x4/live1_x4_005.png,live1_x4,5,471,205,78,87,1322,1.12,0.195,,O
live1_x4/live1_x4_006.png,live1_x4,6,594,204,84,78,1397,1.08,0.213,,X
live1_x4/live1_x4_007.png,live1_x4,7,701,209,87,84,1162,1.04,0.159,,O
live1_x4/live1_x4_018.png,live1_x4,18,310,374,86,90,1102,1.05,0.142,,X
live1_x4/live1_x4_022.png,live1_x4,22,822,392,74,91,839,1.23,0.125,,X
live1_x4/live1_x4_073.png,live1_x4,73,578,1024,133,109,1909,1.22,0.132,,X
live1_x4/live1_x4_074.png,live1_x4,74,797,1001,112,100,1870,1.12,0.167,,O
live1_x4/live1_x4_075.png,live1_x4,75,1007,987,103,113,1636,1.1,0.141,,X
live1_x4/live1_x4_076.png,live1_x4,76,1136,1023,109,103,1825,1.06,0.163,,O
live1_x4/live1_x4_077.png,live1_x4,77,1316,1007,117,116,1801,1.01,0.133,,X
live1_x4/live1_x4_078.png,live1_x4,78,1486,999,110,93,1613,1.18,0.158,,O
live1_x4/live1_x4_079.png,live1_x4,79,1644,1002,93,110,1406,1.18,0.137,,X
live1_x4/live1_x4_080.png,live1_x4,80,1782,1018,92,85,1402,1.08,0.179,,O
live1_x4/live1_x4_081.png,live1_x4,81,535,794,179,135,,1.33,,manual,X
live1_x4/live1_x4_082.png,live1_x4,82,727,787,170,132,,1.29,,manual,O
live1_x4/live1_x4_083.png,live1_x4,83,968,753,173,151,,1.15,,manual,X
live1_x4/live1_x4_084.png,live1_x4,84,1151,762,158,139,,1.14,,manual,O
live1_x4/live1_x4_085.png,live1_x4,85,549,572,145,125,,1.16,,manual,X
live1_x4/live1_x4_086.png,live1_x4,86,718,581,135,123,,1.1,,manual,O
live1_x4/live1_x4_087.png,live1_x4,87,1251,574,148,128,,1.16,,manual,O
live1_x4/live1_x4_088.png,live1_x4,88,1670,602,91,100,,1.1,,manual,X
live1_x4/live1_x4_089.png,live1_x4,89,906,397,108,113,,1.04,,manual,O
live1_x4/live1_x4_090.png,live1_x4,90,1398,391,135,123,,1.1,,manual,O
live1_x4/live1_x4_091.png,live1_x4,91,1672,420,147,144,,1.02,,manual,O
live1_x4/live1_x4_092.png,live1_x4,92,690,379,111,128,,1.14,,manual,O
live1_x4/live1_x4_093.png,live1_x4,93,1235,188,131,144,,1.1,,manual,O
live1_x4/live1_x4_094.png,live1_x4,94,1396,178,153,144,,1.06,,manual,X
live1_x4/live1_x4_095.png,live1_x4,95,837,179,147,139,,1.05,,manual,X
